plate,owner_name,registration_date
HR26BR9044,Test Owner,2020-01-01
HR26BC5514,Chaitanya,2015-09-01
MH02GD7249,Balaji,2016-03-08
CH01AN0001,Ishaan,2017-01-15
MH01AE8017,Vihaan,2017-05-02
RM00YZ0123,Rohan,2018-05-22
GJ03JL0126,Gopal,2019-07-10
KL01CA2555,Karan,2020-09-18
AN78HJ7890,Aarav,2014-11-28
AN37XJ9617,Kavya Bose,2014-11-28
AN39ST1759,Aarav Gupta,2019-02-06
AN46JY6390,Ishaan Joshi,2014-10-16
AN53OW9730,Aadhya Iyer,2023-08-09
AN60JV8956,Ishaan Menon,2020-06-07
AN67ZR3229,Aarav Nair,2023-09-04
AN71NC3682,Aanya Khan,2017-09-06
AN79LH9350,Reyansh Chatterjee,2016-06-27
AN91RE4495,Aditya Jain,2016-05-13
AN93XI8202,Diya Mehta,2020-02-16
AN97AJ7586,Vivaan Menon,2016-12-29
AN97YD6966,Ananya Gupta,2020-10-08
AN98ZF6925,Riya Mehta,2018-07-05
AP07ZK3991,Aditya Verma,2019-04-22
AP12XQ3525,Rohan Gupta,2019-06-02
AP19TV7180,Vihaan Jain,2020-06-06
AP24IW5063,Meera Mehta,2017-11-04
AP32GA2497,Diya Mehta,2018-11-23
AP34RS9489,Krishna Gupta,2018-01-12
AP41DW5494,Aadhya Singh,2017-11-10
AP51IA3571,Meera Jain,2020-04-01
AP51SS0445,Aadhya Singh,2021-06-20
AP72GW8929,Vivaan Singh,2014-11-30
AP78VW4382,Aanya Jain,2020-03-14
AP98SM7815,Aditya Iyer,2021-04-02
AR07RJ2069,Reyansh Kulkarni,2023-01-26
AR10GZ9627,Meera Reddy,2020-02-19
AR10VB0105,Arjun Singh,2020-02-02
AR17CH6002,Kavya Bose,2023-02-25
AR18WK7762,Diya Singh,2017-04-19
AR37NF2219,Myra Kulkarni,2016-03-26
AR38GB3269,Vivaan Patel,2017-08-16
AR41JQ6525,Sai Bose,2015-08-15
AR41XP6247,Ananya Jain,2024-09-10
AR42ZB4807,Myra Khan,2014-06-15
AR46GV4089,Vihaan Yadav,2020-03-06
AR46RK2869,Aanya Patel,2020-10-11
AR48SR2427,Ira Nair,2024-05-15
AR58ZS3085,Aarav Khan,2025-06-03
AR73HX2391,Sai Joshi,2016-07-31
AR83YS4337,Rohan Joshi,2018-08-28
AR85KY2148,Arjun Mehta,2017-10-26
AR94LT7127,Aadhya Joshi,2014-03-17
AS27NM9570,Riya Chatterjee,2025-02-25
AS33PD1071,Aarav Patel,2022-05-03
AS35MV9912,Rohan Singh,2015-06-30
AS37TJ5762,Ishaan Roy,2015-12-18
AS48JC1480,Aditya Kulkarni,2015-09-30
AS58DZ5627,Aadhya Reddy,2017-01-27
AS62MN1769,Saanvi Yadav,2017-11-24
AS72OV5050,Krishna Joshi,2023-09-08
AS75XR0999,Reyansh Yadav,2018-09-15
AS79XD3405,Rohan Jain,2022-07-28
AS81UK1080,Meera Joshi,2024-04-27
AS86DO5027,Vihaan Singh,2019-03-27
AS91EQ3398,Aditya Chatterjee,2014-09-01
BR05KC8424,Kavya Yadav,2019-05-11
BR17KU1216,Kavya Singh,2014-05-10
BR40OO0617,Aditya Verma,2019-05-01
BR50MT7669,Aditya Verma,2021-08-09
BR61OU4962,Aditya Joshi,2019-07-14
BR70BC7735,Krishna Kulkarni,2019-01-01
BR71RJ4915,Aadhya Reddy,2024-10-18
BR73DB8973,Ishaan Kulkarni,2023-04-29
BR78UF8752,Reyansh Patel,2016-05-15
BR91UB3751,Ira Mehta,2023-09-11
CH07EF0816,Ira Menon,2015-05-30
CH11CN1583,Vihaan Verma,2023-03-24
CH11XP1134,Aanya Patel,2019-10-09
CH18EH6276,Reyansh Iyer,2024-04-04
CH24CT1114,Arjun Bose,2018-04-24
CH28HQ9864,Krishna Menon,2019-10-19
CH29OL0437,Aditya Menon,2016-05-23
CH32DR6819,Vivaan Yadav,2014-07-11
CH35OV6948,Aditya Singh,2017-12-04
CH37QV5492,Ira Kulkarni,2024-12-28
CH56DH7139,Reyansh Jain,2015-07-06
CH56DY1647,Sai Jain,2014-03-30
CH56TF8938,Ananya Khan,2024-05-26
CH61LN5461,Rohan Bose,2025-02-09
CH65UF0642,Arjun Iyer,2020-11-06
CH65UF9697,Reyansh Verma,2015-07-25
CH68OQ5928,Aanya Verma,2015-04-27
CH76NB0489,Kavya Kulkarni,2025-06-22
CH83NE7565,Myra Nair,2015-06-21
CH83VN8332,Myra Gupta,2018-05-13
CH85GU9784,Aditya Saha,2015-09-20
CH97HF6659,Kavya Singh,2015-02-01
CH97HV5086,Riya Gupta,2023-08-07
DD07UR0242,Kavya Roy,2025-12-02
DD08MX5560,Aanya Khan,2018-10-11
DD12MD5882,Aanya Singh,2020-02-25
DD18ID1754,Ananya Reddy,2020-12-03
DD19IG2843,Meera Chatterjee,2015-10-28
DD31MS5882,Aarav Menon,2016-06-09
DD32GG8787,Aditya Yadav,2018-12-23
DD46YR6659,Myra Khan,2017-03-02
DD49IO5978,Diya Gupta,2019-09-04
DD65YR8627,Diya Das,2017-09-25
DD74QG2536,Meera Yadav,2020-12-24
DD90YJ9838,Riya Joshi,2014-05-16
DL04XI4013,Aadhya Das,2016-07-08
DL10WE8939,Arjun Khan,2016-10-13
DL18BB4987,Vihaan Yadav,2017-09-06
DL20UF6917,Krishna Das,2018-12-02
DL25AO5140,Aanya Iyer,2020-02-12
DL37CY2627,Myra Kulkarni,2019-10-30
DL38NF7434,Vivaan Gupta,2023-09-11
DL60CE3697,Krishna Verma,2014-04-11
DL60DU2523,Aanya Reddy,2020-01-26
DL73ZB5689,Sai Menon,2023-10-15
DL82JL3619,Aadhya Sharma,2016-09-14
DL84UY9034,Aditya Reddy,2015-01-02
DL85AE0244,Diya Roy,2017-07-08
DL93GK1959,Ira Reddy,2015-02-18
DN01RF6667,Rohan Mehta,2015-02-02
DN09WY7499,Diya Iyer,2019-10-17
DN10OF7293,Vihaan Mehta,2023-04-24
DN12JK6808,Riya Reddy,2019-07-04
DN13ML5556,Sai Nair,2023-06-11
DN31ZP0431,Aarav Nair,2021-08-24
DN33BU7874,Ira Singh,2020-03-06
DN42TK2663,Sai Patel,2022-10-10
DN50OL8851,Vivaan Kulkarni,2019-03-09
DN56QB2035,Reyansh Menon,2022-01-14
DN65JH9439,Rohan Singh,2019-03-13
DN66NO9240,Aarav Iyer,2023-02-18
DN70IZ2859,Aanya Khan,2015-10-02
DN71US2982,Krishna Mehta,2025-08-15
DN73GC9081,Ananya Yadav,2021-08-15
DN77WC5073,Aarav Patel,2020-01-20
DN81DU0646,Sai Roy,2020-02-24
DN82IF7240,Vivaan Patel,2023-12-10
DN84LD2925,Diya Chatterjee,2023-12-25
DN86WX8625,Riya Joshi,2016-10-15
DN98WP7350,Ananya Roy,2018-06-17
GA02GQ7472,Krishna Verma,2023-12-23
GA10PZ4343,Aarav Joshi,2018-08-13
GA18BJ7741,Diya Bose,2015-10-07
GA20ZS4979,Aanya Saha,2021-03-27
GA31FZ2901,Vihaan Das,2025-07-27
GA34EH9198,Rohan Bose,2021-07-06
GA39MF8814,Ananya Das,2017-01-18
GA43CS2318,Reyansh Bose,2022-09-12
GA56FX8549,Sai Saha,2020-12-11
GA71XT8648,Ananya Yadav,2014-03-16
GA77AI2371,Rohan Das,2018-11-28
GA87OL6096,Ira Roy,2021-06-03
GA88HB9381,Meera Menon,2024-02-11
GA91GC6798,Reyansh Joshi,2024-10-22
GA98YU1235,Sai Gupta,2020-07-23
GJ10OL9627,Myra Saha,2021-09-17
GJ10QU1869,Aditya Singh,2021-02-26
GJ18XR8001,Ishaan Iyer,2017-07-02
GJ23CT6268,Aarav Verma,2019-09-08
GJ40DS0421,Saanvi Saha,2015-10-30
GJ42QO1905,Meera Bose,2018-07-22
GJ48LG4375,Ananya Kulkarni,2023-02-27
GJ49AM4346,Ishaan Reddy,2014-04-27
GJ52VQ5096,Vihaan Bose,2019-02-07
GJ57NP7610,Sai Joshi,2024-08-12
GJ57RW4957,Vivaan Yadav,2019-10-14
GJ60ET8752,Vihaan Menon,2017-03-09
GJ64QO8172,Meera Joshi,2021-04-24
GJ70YQ0010,Meera Saha,2025-07-08
GJ80OW5929,Ira Yadav,2024-03-12
GJ89OL7326,Sai Kulkarni,2024-04-15
GJ92WW2853,Krishna Singh,2020-05-31
GJ94OU4216,Myra Kulkarni,2019-07-24
HP02XK4834,Krishna Menon,2015-12-07
HP07IM5364,Rohan Singh,2020-04-15
HP26EZ8838,Aanya Chatterjee,2016-01-02
HP34BE6898,Arjun Reddy,2019-05-20
HP54FB6505,Ananya Reddy,2018-12-29
HP64WP6019,Aditya Bose,2023-05-04
HP65DU4890,Aanya Yadav,2024-08-23
HP70UB8585,Ira Verma,2018-11-01
HP75NU8057,Ira Jain,2014-08-20
HP99UP7602,Kavya Jain,2024-11-22
HR10SW3979,Aarav Mehta,2020-11-22
HR13DV7063,Ananya Bose,2019-02-21
HR48VS7219,Saanvi Singh,2020-04-25
HR54VM2852,Ira Kulkarni,2014-11-05
HR93YD0528,Ananya Chatterjee,2023-04-07
JH09DT0551,Sai Menon,2017-01-21
JH26RI9209,Riya Yadav,2014-10-19
JH34VC2574,Ananya Roy,2014-10-21
JH35RE4720,Aditya Bose,2017-03-28
JH39GY2249,Meera Nair,2015-04-28
JH44TE5122,Krishna Jain,2021-07-15
JH44YP3146,Reyansh Menon,2021-07-11
JH56OH6780,Aanya Jain,2020-06-08
JH59KK6212,Ira Khan,2016-01-12
JH76GH5384,Saanvi Sharma,2015-05-13
JH84PM7518,Diya Singh,2015-09-26
JH89WP5195,Vivaan Sharma,2019-09-28
JH92KG4326,Reyansh Sharma,2017-08-12
JH92SP1490,Ishaan Reddy,2024-10-25
JH95PI9660,Vihaan Roy,2019-01-31
JH97QD5656,Meera Khan,2022-06-20
JH99SN0497,Sai Saha,2016-10-06
JK04VG6529,Sai Das,2016-08-14
JK05ZK6573,Kavya Sharma,2021-03-11
JK09KA9639,Kavya Jain,2023-02-03
JK18EC4847,Reyansh Gupta,2019-08-23
JK18PE7455,Vihaan Das,2016-11-28
JK18XD8936,Kavya Verma,2021-12-25
JK23ZW8487,Aadhya Bose,2022-07-04
JK26EA0758,Aditya Joshi,2021-11-06
JK49SH8181,Aarav Bose,2025-03-10
JK51TB0126,Vihaan Bose,2022-04-27
JK53JI0999,Meera Reddy,2023-12-18
JK55RY9122,Sai Joshi,2020-04-02
JK61AT9199,Riya Yadav,2025-01-14
JK63HI7141,Meera Bose,2020-03-19
JK67MO7254,Aanya Singh,2016-02-20
JK69HJ7685,Krishna Menon,2019-08-31
JK70GY0925,Meera Roy,2022-09-11
JK82HB1642,Aanya Sharma,2025-04-13
JK87SS0340,Aanya Nair,2025-02-17
JK99JC3815,Reyansh Mehta,2019-12-28
KA15AX3049,Aanya Khan,2020-05-23
KA17PV1875,Aadhya Sharma,2025-10-13
KA19DB4755,Reyansh Gupta,2019-08-11
KA21OM4423,Ira Kulkarni,2019-08-02
KA23RC2565,Saanvi Kulkarni,2024-03-31
KA32BV8701,Aarav Gupta,2020-10-17
KA34ME4916,Ishaan Jain,2019-08-27
KA35KK8850,Rohan Roy,2022-06-22
KA36OC4682,Saanvi Yadav,2026-02-07
KA36VP3511,Diya Bose,2021-08-12
KA39EV8541,Diya Menon,2020-04-09
KA50CL3679,Rohan Khan,2019-05-14
KA52DS4034,Vihaan Iyer,2021-04-09
KA59LE4517,Vihaan Yadav,2018-05-07
KA60DI7367,Reyansh Iyer,2025-01-20
KA61TY1194,Krishna Roy,2025-12-17
KA64SE3805,Riya Das,2016-06-13
KA74MH6731,Reyansh Das,2019-04-19
KA81VJ3728,Diya Nair,2020-12-22
KA89PU8042,Aarav Yadav,2017-01-12
KA91FJ9025,Krishna Verma,2015-06-02
KA91OO8587,Aadhya Das,2017-01-10
KA92EJ7033,Saanvi Patel,2014-06-21
KA93NP9097,Kavya Das,2024-09-21
KA95BM7192,Saanvi Menon,2021-11-02
KA97OS6210,Sai Verma,2019-11-10
KL27KU1296,Saanvi Patel,2015-08-30
KL34WO3516,Ananya Kulkarni,2015-11-09
KL38KD0127,Kavya Verma,2017-08-06
KL42DY6623,Arjun Roy,2021-01-04
KL62ZJ5550,Aditya Singh,2016-11-07
KL81SV3242,Aadhya Bose,2019-04-04
KL96AL1107,Myra Jain,2024-04-19
LA05WL3560,Meera Das,2023-10-24
LA09GS5156,Rohan Roy,2015-07-19
LA16ZL7160,Riya Patel,2018-11-09
LA17UJ8741,Reyansh Khan,2016-01-07
LA18DT9615,Sai Singh,2018-02-03
LA19CB2719,Aadhya Gupta,2017-09-15
LA21ZW1772,Aarav Bose,2024-04-19
LA25ZD5418,Riya Kulkarni,2020-09-22
LA58QE7168,Vivaan Singh,2020-08-28
LA74BY2871,Rohan Menon,2015-10-17
LA76BL8313,Ishaan Khan,2018-08-19
LA79ZR7922,Ira Patel,2019-03-28
LA80US8985,Arjun Khan,2017-05-21
LA82ZB1230,Aditya Verma,2017-12-01
LA97NI1342,Rohan Saha,2020-09-01
LA99YQ7940,Meera Patel,2024-09-15
LD06JW1295,Rohan Jain,2020-04-20
LD10MQ7379,Myra Yadav,2025-04-09
LD11IG9025,Meera Gupta,2015-02-02
LD15MA5322,Ira Chatterjee,2019-10-24
LD16SV8900,Aarav Gupta,2019-05-01
LD30LF4953,Kavya Roy,2014-08-29
LD33XV9875,Krishna Roy,2015-02-05
LD40OT6982,Sai Kulkarni,2025-11-01
LD42DC5373,Meera Khan,2018-04-07
LD46YB5439,Kavya Bose,2025-03-23
LD50NY5544,Aditya Kulkarni,2021-12-31
LD89PG2010,Ira Chatterjee,2021-05-25
LD90OC3825,Vihaan Nair,2021-08-04
MH02GG1923,Ira Kulkarni,2020-08-29
MH16BH6879,Ananya Yadav,2015-01-07
MH29JY4736,Meera Gupta,2021-04-01
MH31BH9296,Krishna Chatterjee,2016-10-17
MH34LQ8148,Ananya Joshi,2014-03-22
MH37GN9503,Aadhya Menon,2023-06-19
MH51WX7843,Vivaan Iyer,2025-10-28
MH52VU6119,Diya Saha,2025-05-17
MH57BS5978,Meera Verma,2018-10-05
MH59CW0982,Krishna Yadav,2017-02-18
MH64AC6443,Rohan Menon,2025-01-24
MH74VM6499,Vihaan Sharma,2019-07-25
MH76NJ9317,Sai Das,2014-07-03
MH77XS4729,Aadhya Bose,2016-04-14
MH82NW4098,Ishaan Patel,2024-07-18
MH93WU0437,Vihaan Reddy,2025-05-16
MH96KH5457,Rohan Joshi,2020-04-29
ML08BS7812,Ira Kulkarni,2024-10-14
ML27LK6782,Ishaan Menon,2017-06-09
ML32CI7386,Ananya Iyer,2025-08-05
ML34GV5148,Arjun Gupta,2020-05-23
ML37UB1466,Ira Chatterjee,2025-08-01
ML49TQ4832,Krishna Sharma,2020-07-16
ML55KV4177,Rohan Roy,2025-03-06
ML60OO3502,Arjun Menon,2025-01-21
ML63AD5948,Diya Chatterjee,2022-08-28
ML74TY5254,Meera Chatterjee,2018-06-05
ML74XK3111,Ishaan Roy,2022-10-14
ML78EC2068,Ishaan Bose,2015-03-05
ML78IA1497,Aanya Kulkarni,2022-09-30
ML78PQ2472,Ananya Reddy,2025-04-21
ML79HU1036,Vivaan Reddy,2025-06-17
ML81KE7206,Kavya Chatterjee,2016-06-12
ML85DX4921,Meera Patel,2025-12-28
ML86DF5404,Meera Sharma,2017-06-05
ML91HL8502,Ira Reddy,2015-11-15
ML94LM2143,Saanvi Khan,2021-10-15
MN04DI2926,Riya Jain,2015-12-30
MN04PK2980,Aanya Yadav,2022-09-20
MN13OD8618,Aanya Kulkarni,2015-01-01
MN13RV6334,Riya Gupta,2019-06-18
MN36CY4574,Rohan Singh,2016-03-22
MN36EG5515,Ira Patel,2016-06-13
MN36TW4527,Meera Nair,2020-11-29
MN37OU8902,Aarav Verma,2021-06-21
MN39SX9387,Vivaan Das,2022-03-27
MN45AF2348,Diya Bose,2017-06-17
MN59MN1558,Ishaan Joshi,2023-06-09
MN65QR8026,Kavya Nair,2018-01-03
MN70LV4332,Sai Gupta,2022-10-10
MN73BA1331,Riya Singh,2025-05-10
MN80WM1316,Kavya Reddy,2019-05-28
MN87DN9564,Meera Khan,2024-07-02
MN87RM5189,Krishna Sharma,2024-08-18
MP07BJ8109,Rohan Yadav,2017-09-27
MP09HL4670,Aditya Menon,2021-12-11
MP29UC0660,Kavya Das,2023-09-17
MP29UG4107,Krishna Menon,2020-12-20
MP31SK0259,Reyansh Jain,2025-01-12
MP31XV1699,Vihaan Singh,2022-10-01
MP40UW6422,Kavya Mehta,2020-10-30
MP48NE4001,Rohan Sharma,2023-01-27
MP55NO0888,Krishna Sharma,2015-04-18
MP57UI7850,Riya Kulkarni,2020-08-12
MP78IZ0712,Ishaan Saha,2022-02-05
MP83QM8786,Ishaan Iyer,2019-10-26
MP94UE3872,Arjun Patel,2015-01-29
MZ03LJ2954,Rohan Menon,2014-12-11
MZ08TU7917,Kavya Mehta,2017-02-21
MZ15YI9407,Aditya Das,2021-07-10
MZ17RB9609,Ira Nair,2018-09-12
MZ20VP1100,Arjun Yadav,2022-05-27
MZ22TT1877,Myra Joshi,2020-04-22
MZ40XK9300,Sai Khan,2025-01-01
MZ50SB9914,Rohan Chatterjee,2016-10-11
MZ54WR7715,Meera Gupta,2017-05-09
MZ56CV5410,Ishaan Jain,2022-05-26
MZ61RQ5633,Aditya Jain,2014-07-05
MZ66HD3293,Krishna Yadav,2016-12-19
MZ66RD5229,Meera Mehta,2020-01-28
MZ68QI2696,Kavya Jain,2022-07-12
MZ70UL0993,Vihaan Singh,2024-10-08
MZ71DW8453,Aarav Saha,2021-07-21
MZ71SL7658,Riya Singh,2015-08-12
MZ87XV4296,Meera Das,2023-05-09
NL05PH3270,Vihaan Reddy,2015-03-19
NL11VV8836,Vivaan Das,2025-03-30
NL20FF2713,Vihaan Patel,2019-06-18
NL31OY4375,Aadhya Reddy,2022-11-29
NL41FO8735,Meera Mehta,2023-08-06
NL51LY2400,Kavya Reddy,2023-07-02
NL54OK2579,Vihaan Kulkarni,2023-05-08
NL60RU5887,Krishna Verma,2022-07-04
NL64MH2418,Reyansh Menon,2024-03-02
NL69WH8197,Ishaan Mehta,2016-06-03
NL79NH2617,Diya Yadav,2022-03-29
NL85ZU2493,Vivaan Jain,2020-05-20
OD31RK4638,Reyansh Patel,2024-05-24
OD35QR8091,Aditya Iyer,2014-09-03
OD36AS0804,Vivaan Chatterjee,2019-08-29
OD36GD7451,Arjun Roy,2018-10-19
OD47BM0839,Aditya Yadav,2018-11-04
OD47QZ2622,Kavya Iyer,2019-06-03
OD55QK1422,Aanya Reddy,2014-04-05
OD63CS0879,Krishna Reddy,2017-02-09
OD72LC6465,Aadhya Khan,2018-02-09
OD79XJ9728,Vihaan Sharma,2017-02-24
OD86DF2304,Aarav Mehta,2019-07-14
OD89HJ9529,Kavya Chatterjee,2014-07-20
OD90JR2086,Sai Khan,2015-05-16
OD95BN0308,Arjun Bose,2025-12-29
OD96OM5555,Vihaan Gupta,2024-11-16
PB04FX5443,Meera Mehta,2025-09-15
PB07GQ5928,Kavya Patel,2024-05-01
PB07MQ6127,Myra Singh,2015-03-03
PB18UH1114,Myra Das,2024-06-20
PB20NW3341,Aarav Verma,2024-12-08
PB24VV1403,Ananya Bose,2016-08-13
PB29OS4558,Saanvi Menon,2015-11-05
PB38EG5405,Aditya Chatterjee,2017-07-10
PB43RO6813,Aditya Reddy,2020-05-12
PB43WP1648,Riya Roy,2021-06-27
PB44ZQ4378,Ananya Saha,2026-02-04
PB46VY6930,Rohan Menon,2025-07-14
PB48MO6185,Riya Bose,2016-06-02
PB62PH7484,Vihaan Yadav,2019-01-07
PB65YT7727,Ira Menon,2019-04-27
PB69XX8948,Ira Chatterjee,2024-05-14
PB76XX2532,Ananya Bose,2016-04-29
PB79YA3944,Aanya Bose,2021-03-16
PB84DP6687,Krishna Mehta,2017-08-14
PB85SS8566,Saanvi Gupta,2016-03-29
PB86XZ4066,Aditya Gupta,2023-11-18
PB89PJ6562,Vihaan Mehta,2017-02-10
PY15JV9718,Aadhya Verma,2021-08-03
PY15RH2442,Vihaan Bose,2022-02-15
PY15YJ3894,Ira Verma,2020-08-24
PY17BJ5975,Riya Das,2022-01-30
PY18IX5993,Vihaan Roy,2025-07-29
PY28RY3296,Reyansh Reddy,2025-01-04
PY36BA5465,Ishaan Patel,2022-01-18
PY45XZ5140,Aadhya Mehta,2016-10-09
PY78QD6312,Krishna Roy,2019-04-08
PY96RK5765,Ira Yadav,2014-10-14
RJ03CJ3631,Riya Khan,2014-11-05
RJ06NL3892,Sai Khan,2021-02-15
RJ11TB7079,Aanya Mehta,2014-05-02
RJ16OW4983,Sai Reddy,2023-03-09
RJ18NF4564,Aditya Reddy,2014-11-19
RJ22WJ0475,Aditya Joshi,2019-01-08
RJ47QS1787,Ananya Bose,2024-05-15
RJ48CR3121,Aanya Nair,2022-06-30
RJ57HL1628,Rohan Chatterjee,2016-02-06
RJ60VQ5645,Vivaan Reddy,2017-09-22
RJ65HT0711,Riya Verma,2016-01-10
RJ67OD4062,Krishna Menon,2023-09-15
RJ77VW0798,Saanvi Saha,2024-02-10
RJ79JY7356,Ira Khan,2019-01-11
RJ90PD0473,Myra Patel,2021-12-08
RJ98CS2256,Ira Patel,2020-07-19
SK02XE6718,Kavya Kulkarni,2026-01-05
SK07RH1989,Rohan Verma,2019-02-21
SK08RN6825,Ananya Saha,2015-06-04
SK09DP9777,Aarav Iyer,2020-12-15
SK10KS7034,Reyansh Reddy,2019-12-05
SK13ZX7693,Rohan Chatterjee,2016-11-19
SK18ZO8703,Aarav Kulkarni,2023-11-08
SK22XZ5771,Sai Reddy,2022-09-21
SK32CO9017,Aadhya Singh,2025-06-01
SK35JI3778,Aadhya Mehta,2015-10-24
SK37NW9106,Ananya Verma,2023-12-24
SK39GM7917,Aarav Menon,2015-12-10
SK41YC0153,Aanya Roy,2023-10-28
SK45JZ3729,Kavya Jain,2023-07-25
SK54US3186,Rohan Patel,2023-04-13
SK56XS4398,Aarav Chatterjee,2018-01-18
SK65TN1625,Riya Menon,2022-04-24
SK69DM1292,Aditya Bose,2016-07-27
SK80SD1201,Ishaan Bose,2023-03-06
SK82IO4184,Myra Gupta,2023-01-27
SK90JU6690,Rohan Chatterjee,2019-03-02
SK90PU2987,Aanya Nair,2015-11-28
SK99JY6257,Myra Patel,2026-02-04
TN03XR0854,Myra Iyer,2022-01-12
TN06UM6117,Diya Reddy,2019-06-30
TN22QU6230,Vihaan Reddy,2019-12-08
TN25HI9144,Reyansh Nair,2017-08-16
TN29DL9114,Aditya Nair,2025-04-11
TN31HJ2366,Meera Roy,2024-04-06
TN32WT3351,Kavya Saha,2021-06-11
TN32ZP6670,Aanya Reddy,2024-01-22
TN32ZZ6654,Aditya Kulkarni,2024-02-11
TN34UZ9478,Rohan Khan,2015-06-16
TN37RA1762,Diya Joshi,2015-11-10
TN38BH4721,Rohan Menon,2024-05-01
TN42HA4273,Vivaan Verma,2022-06-19
TN45RZ4481,Rohan Gupta,2016-03-21
TN58IY4051,Riya Saha,2025-07-26
TN62OK3021,Ananya Menon,2015-02-12
TN62UG4707,Meera Roy,2018-06-02
TN67UO4558,Aanya Saha,2024-11-11
TR03AR9039,Myra Reddy,2015-08-01
TR04MK6625,Meera Patel,2021-11-24
TR05EQ9670,Aditya Joshi,2018-01-24
TR14AS4659,Vivaan Singh,2024-01-06
TR14NL7533,Meera Joshi,2025-12-02
TR15DH8808,Riya Nair,2022-05-11
TR20GJ3567,Diya Das,2022-11-19
TR24XJ0614,Ira Chatterjee,2015-05-15
TR28LZ4233,Aanya Gupta,2021-08-03
TR37YZ3771,Vihaan Yadav,2022-11-12
TR62GM0961,Rohan Khan,2017-07-26
TR67MR1930,Aanya Gupta,2017-05-14
TR68VJ0745,Diya Das,2022-12-26
TR70BT1122,Arjun Saha,2016-02-05
TR78ON4476,Rohan Yadav,2022-08-23
TR81OY0846,Aanya Reddy,2026-01-01
TR81RJ4950,Aditya Bose,2025-08-07
TR92JQ4480,Diya Sharma,2022-04-30
TR92OC1324,Rohan Nair,2018-12-31
TR93UX8038,Aanya Kulkarni,2018-07-02
TR96NF2117,Ishaan Reddy,2017-09-02
TS01VR7570,Aditya Das,2016-06-18
TS26SR2456,Myra Yadav,2026-01-02
TS40VN5345,Vivaan Chatterjee,2017-02-18
TS50OS9082,Riya Jain,2017-08-27
TS52QB0743,Sai Nair,2017-11-28
TS55RO2608,Meera Verma,2023-05-30
TS58ZB7430,Diya Singh,2024-02-27
TS59HG9558,Riya Das,2024-04-06
TS61ZZ2781,Ishaan Yadav,2019-07-24
TS63IB1513,Rohan Kulkarni,2018-07-19
TS64CY0772,Diya Roy,2024-01-29
TS65RA6398,Meera Das,2022-10-05
TS68FB8321,Myra Joshi,2023-08-02
TS68NF3272,Sai Iyer,2017-04-19
TS78GE6127,Krishna Verma,2024-12-21
TS83KA6883,Diya Yadav,2016-06-30
TS96EC4527,Myra Patel,2020-08-03
UA02VR4906,Aditya Nair,2020-04-24
UA15XC7803,Meera Joshi,2017-07-02
UA20JF2654,Ira Gupta,2019-03-05
UA33RA1877,Meera Mehta,2014-10-17
UA35ZC6956,Ira Verma,2023-02-01
UA39OU0511,Myra Mehta,2019-06-26
UA41WN6689,Ananya Gupta,2022-08-09
UA47CQ8915,Ishaan Sharma,2021-05-05
UA47MK4567,Vihaan Chatterjee,2017-06-21
UA53SV2951,Arjun Verma,2020-08-18
UA53YN9420,Saanvi Reddy,2024-09-18
UA59ET8447,Meera Saha,2014-04-25
UA64EQ7669,Aditya Sharma,2019-12-08
UA66GY5725,Reyansh Reddy,2026-01-12
UA77JD3181,Ira Patel,2020-08-28
UA79FL6109,Ishaan Das,2016-12-05
UK03UQ9422,Vivaan Singh,2023-08-12
UK17XS9441,Riya Menon,2015-08-09
UK28QI2171,Vihaan Kulkarni,2014-07-25
UK34XS7020,Myra Roy,2019-08-15
UK49OK3091,Arjun Das,2023-10-28
UK51QE3649,Aarav Saha,2022-02-09
UK55RM3763,Ishaan Roy,2023-07-16
UK55VL1130,Sai Gupta,2025-12-08
UK61IB3132,Diya Gupta,2025-12-29
UK62LK9043,Aadhya Joshi,2025-07-31
UK86GY4055,Aadhya Sharma,2022-12-14
UK97IY5574,Saanvi Verma,2022-11-15
UK98WF3139,Diya Khan,2014-07-24
UK99EE7788,Diya Gupta,2021-12-05
UP02QG1403,Ishaan Patel,2021-08-26
UP05OC5154,Arjun Verma,2022-02-05
UP17TC1078,Aadhya Chatterjee,2018-02-14
UP19MG9821,Meera Kulkarni,2018-04-14
UP20IJ9910,Arjun Gupta,2024-06-17
UP22IQ9939,Vivaan Das,2018-09-19
UP28PG5456,Vivaan Iyer,2015-02-19
UP29VK0917,Aanya Das,2025-10-03
UP30SH0118,Ananya Yadav,2024-10-24
UP36TV1947,Krishna Verma,2018-06-25
UP38UT5926,Rohan Mehta,2015-04-08
UP42VP8610,Aanya Khan,2016-12-26
UP47YE3262,Diya Bose,2023-03-02
UP49UZ5382,Meera Jain,2021-10-19
UP64BL6245,Sai Kulkarni,2025-05-09
UP68EM3979,Diya Joshi,2020-03-05
UP72KV2003,Aditya Bose,2015-12-19
UP76XF7000,Ira Saha,2018-03-30
UP77KY7252,Aadhya Das,2021-05-26
UP84VK4217,Vihaan Gupta,2021-07-20
UP86ZL1181,Rohan Das,2024-03-12
UP91NR0159,Riya Bose,2017-12-07
UT25IB7145,Meera Mehta,2024-03-22
UT25WC0751,Vivaan Mehta,2023-12-14
UT28OW4199,Krishna Verma,2015-11-17
UT30RX0612,Ananya Mehta,2025-09-14
UT30XB9561,Sai Sharma,2017-05-25
UT38WJ0360,Riya Menon,2014-12-23
UT39MR0007,Arjun Gupta,2019-06-28
UT39PA6036,Diya Mehta,2022-10-13
UT52WU6844,Kavya Verma,2017-08-20
UT72GL9065,Meera Mehta,2022-07-16
UT85MC2325,Meera Gupta,2017-04-13
UT87YG2876,Myra Mehta,2023-02-14
UT98SO9249,Aanya Khan,2019-10-17
WB10BN5645,Vihaan Sharma,2018-05-15
DL49AK4949,Aanya,2020-05-18
WB34BD9775,Aadhya Patel,2020-01-25
WB49UL1776,Krishna Menon,2019-01-03
WB52LH2267,Riya Das,2025-03-18
WB52QC6485,Reyansh Patel,2017-03-28
WB77BT1344,Aditya Menon,2018-01-25
WB85PE7317,Meera Gupta,2021-05-13
WB95YK2186,Diya Gupta,2020-09-15
AN11AI3534,Vihaan Sharma,2020-05-13
AN34RD7452,Ishaan Singh,2017-04-29
AN34UL3872,Vihaan Yadav,2016-02-23
CH88KV5693,Ishaan Jain,2016-11-19
WB20FV9915,Saanvi Joshi,2022-11-16
